<?xml version="1.0" encoding="UTF-8"?>  
<!DOCTYPE generatorConfiguration  
  PUBLIC "-//mybatis.org//DTD MyBatis Generator Configuration 1.0//EN"  
  "dtd/mybatis-generator-config_1_0.dtd">  
<generatorConfiguration>  
    <classPathEntry  location="mysql-connector-java-5.1.25-bin.jar"/>  
    <context id="DB2Tables"  targetRuntime="MyBatis3">
        <commentGenerator>  
            <property name="suppressDate" value="true"/>
            <property name="suppressAllComments" value="false"/>
        </commentGenerator>
        <jdbcConnection driverClass="com.mysql.jdbc.Driver" connectionURL="jdbc:mysql://localhost:3306/test" userId="root" password="root">  
        </jdbcConnection>  
        <javaTypeResolver>  
            <property name="forceBigDecimals" value="false"/>  
        </javaTypeResolver>  
        <javaModelGenerator targetPackage="com.geeku.model.innovative" targetProject="target">  
            <property name="enableSubPackages" value="true"/>  
            <property name="trimStrings" value="true"/>
           	<property name="rootClass" value="com.geeku.model.BaseModel"/>   
        </javaModelGenerator>  
        <sqlMapGenerator targetPackage="com.geeku.mapping.innovative" targetProject="target">  
            <property name="enableSubPackages" value="true"/>  
        </sqlMapGenerator>  
        <javaClientGenerator type="XMLMAPPER" targetPackage="com.geeku.dao.innovative" targetProject="target">  
            <property name="enableSubPackages" value="true"/>  
        </javaClientGenerator>
        
        <!-- 
		<table tableName="project_follow" domainObjectName="ProjectFollow" enableCountByExample="false" enableUpdateByExample="false" enableDeleteByExample="false" enableSelectByExample="false" selectByExampleQueryId="false"></table>
		<table tableName="in_comments" domainObjectName="InComments" enableCountByExample="false" enableUpdateByExample="false" enableDeleteByExample="false" enableSelectByExample="false" selectByExampleQueryId="false"></table>
		<table tableName="in_project_file" domainObjectName="InProjectFile" enableCountByExample="false" enableUpdateByExample="false" enableDeleteByExample="false" enableSelectByExample="false" selectByExampleQueryId="false"></table>
		<table tableName="member_apply" domainObjectName="MemberApply" enableCountByExample="false" enableUpdateByExample="false" enableDeleteByExample="false" enableSelectByExample="false" selectByExampleQueryId="false"></table>
		<table tableName="project_member" domainObjectName="ProjectMember" enableCountByExample="false" enableUpdateByExample="false" enableDeleteByExample="false" enableSelectByExample="false" selectByExampleQueryId="false"></table>
		<table tableName="recruit_member" domainObjectName="RecruitMember" enableCountByExample="false" enableUpdateByExample="false" enableDeleteByExample="false" enableSelectByExample="false" selectByExampleQueryId="false"></table>
		<table tableName="recruit" domainObjectName="Recruit" enableCountByExample="false" enableUpdateByExample="false" enableDeleteByExample="false" enableSelectByExample="false" selectByExampleQueryId="false"></table>
		 -->
		<table tableName="recruit_member" domainObjectName="RecruitMember" enableCountByExample="false" enableUpdateByExample="false" enableDeleteByExample="false" enableSelectByExample="false" selectByExampleQueryId="false">
			 <generatedKey column="id" sqlStatement="MySql" identity="true"/>
		</table>
			
    </context>  
</generatorConfiguration>  